Creation,MergeTime,id,isPr,N. of Comments,Closed,N. Labels,author, labelStatus, lastUpdateTime, milestoneTitle
1476347022,NA,16201,1,7,0,5,smuzaffar,NNNNNNANNNNNNNNRN,1476376745,Next CMSSW_7_5_X
1476351108,NA,16202,1,13,0,8,makortel,NNNNNPNPNNNNNPNAN,1476435375,Next CMSSW_8_1_X
1476352268,1476451396,16203,1,11,1,5,makortel,NNNNNNNNNNNNANNAN,1476451396,Next CMSSW_8_1_X
1476374940,1476455739,16204,1,9,1,5,bsunanda,NNNNNNNNNANNNNNAN,1476455740,Next CMSSW_8_1_X
1476379513,NA,16205,1,7,0,5,tanmaymudholkar,NNNNNANNNNNNNNNAN,1476536571,Next CMSSW_8_0_X
1476379646,1476538635,16206,1,7,1,5,tanmaymudholkar,NNNNNANNNNNNNNNAN,1476538635,Next CMSSW_8_1_X
1476382362,NA,16207,1,6,0,5,ebrondol,NNNNNNNNNNNNNPNAN,1476452917,Next CMSSW_8_1_X
1476388775,NA,16208,1,6,0,5,matz-e,NNNNNNNNNNPNNNNRN,1476428558,Next CMSSW_8_1_X
1476419457,NA,16209,1,13,0,6,Martin-Grunewald,NNNNNNNNNNPNNNNAN,1476453762,Next CMSSW_8_0_X
1476419521,NA,16210,1,8,0,5,Martin-Grunewald,NNNNNNNNNNNNNNNRN,1476454111,Next CMSSW_8_1_X
1476436230,1476625429,16211,1,12,1,6,ianna,NNPNNNNNNANNNNNAN,1476625429,Next CMSSW_8_1_X
1476437220,1476455711,16212,1,9,1,5,makortel,NNNNNANNNNNNNNNAN,1476455711,Next CMSSW_8_1_X
1476439368,NA,16213,1,7,0,5,peiffer,NNNNNNNNANNNNNNAN,1476526474,Next CMSSW_7_1_X
1476451198,NA,16214,1,11,0,6,makortel,NNNNNNNNNNNNNPNAN,1476639956,Next CMSSW_8_0_X
1476453818,NA,16215,1,10,0,5,mtosi,NNNNNANNNNNNNNNSN,1476687236,Next CMSSW_8_0_X
1476453938,NA,16216,1,10,0,5,mtosi,NNNNNANNNNNNNNNRN,1476688475,Next CMSSW_8_1_X
1476455861,1476538149,16217,1,11,1,6,lgray,NNNNNNNNNANNNNNAN,1476540683,Next CMSSW_8_1_X
1476457791,NA,16218,0,4,0,2,Dr15Jones,NNNNNNNNNNPNNNNNN,1476460187,-
1476467875,NA,16219,1,5,0,5,makortel,NNNNNNNNNNNNNPNAN,1476630793,Next CMSSW_8_1_X
1476478220,NA,16220,1,6,0,5,alja,NNNNNNNNNNNNNPNAN,1476494256,Next CMSSW_8_1_X
1476543024,1476573370,16221,1,8,1,5,Dr15Jones,NNNNNNANNNNNNNNAN,1476573370,Next CMSSW_8_1_X
1476573204,NA,16222,1,11,0,5,davidlange6,NNNNNNNNNNPNNNNAN,1476637672,Next CMSSW_8_1_X
1476583471,1476628060,16223,0,17,1,7,davidlange6,NNNNNNNNNNNNNNNNN,1476635218,-
1476608085,NA,16224,1,7,0,6,ferencek,NPNNNNNNNNNNNPNAN,1476656380,Next CMSSW_8_0_X
1476630891,NA,16225,1,5,0,6,bsunanda,NNNNNNNNNPNNNNPAN,1476640157,Next CMSSW_8_1_X
1476631064,1476642132,16226,0,15,1,7,davidlange6,NNNNNNNNNNNNNNNNN,1476666741,-
1476642152,1476655142,16227,0,12,1,7,davidlange6,NNNNNNNNNNNNNNNNN,1476655142,-
1476655209,1476659394,16228,0,12,1,7,davidlange6,NNNNNNNNNNNNNNNNN,1476659394,-
1476658685,NA,16229,1,7,0,5,Dr15Jones,NNNNNNNNNNNNNPNRN,1476679059,Next CMSSW_8_1_X
1476658974,1476659372,16230,1,1,1,5,davidlange6,NNNNNNNNNPNNNNNPN,1476659373,Next CMSSW_8_1_X
